Fexperiment_GHz,Fstandard_GHz
218.21,218.95
218.81,219.56
219.42,220.17
220.02,220.77
220.63,221.38
221.23,221.99
221.83,222.6
222.44,223.2
223.04,223.81
223.65,224.42
224.25,225.03
224.86,225.63
225.46,226.24
226.06,226.85
226.67,227.46
227.27,228.06
227.88,228.67
228.48,229.28
229.09,229.89
229.69,230.49
230.29,231.1
230.9,231.71
231.5,232.32
232.11,232.92
232.71,233.53
233.32,234.14
233.92,234.75
234.52,235.35
235.13,235.96
235.73,236.57
236.34,237.18
236.94,237.78
237.54,238.39
238.15,239
238.75,239.61
239.36,240.21
239.96,240.82
240.57,241.43
241.17,242.03
241.77,242.64
242.38,243.25
242.98,243.86
243.59,244.46
244.19,245.07
244.79,245.68
245.4,246.29
246,246.89
246.61,247.5
247.21,248.11
247.82,248.72
248.42,249.32
249.02,249.93
249.63,250.54
250.23,251.14
250.84,251.75
251.44,252.36
252.04,252.97
252.65,253.57
253.25,254.18
253.86,254.79
254.46,255.4
255.06,256
255.67,256.61
256.27,257.22
256.88,257.82
257.48,258.43
258.08,259.04
258.69,259.65
259.29,260.25
259.9,260.86
260.5,261.47
261.11,262.08
261.71,262.68
262.31,263.29
262.92,263.9
263.52,264.5
264.13,265.11
264.73,265.72
265.33,266.33
265.94,266.93
266.54,267.54
267.15,268.15
267.75,268.75
268.35,269.36
268.96,269.97
269.56,270.58
270.17,271.18
270.77,271.79
271.37,272.4
271.98,273
272.58,273.61
273.18,274.22
273.79,274.83
274.39,275.43
275,276.04
275.6,276.65
276.2,277.25
276.81,277.86
277.41,278.47
278.02,279.08
278.62,279.68
279.22,280.29
279.83,280.9
280.43,281.5
281.04,282.11
281.64,282.72
282.24,283.33
282.85,283.93
283.45,284.54
284.06,285.15
284.66,285.75
285.26,286.36
285.87,286.97
286.47,287.58
287.07,288.18
287.68,288.79
288.28,289.4
288.89,290
289.49,290.61
290.09,291.22
290.7,291.82
291.3,292.43
291.91,293.04
292.51,293.65
293.11,294.25
293.72,294.86
294.32,295.47
294.92,296.07
295.53,296.68
296.13,297.29
296.74,297.9
297.34,298.5
297.94,299.11
298.55,299.72
299.15,300.32
299.76,300.93
300.36,301.54
300.96,302.14
301.57,302.75
302.17,303.36
302.77,303.96
303.38,304.57
303.98,305.18
304.59,305.79
305.19,306.39
305.79,307
306.4,307.61
307,308.21
307.6,308.82
308.21,309.43
308.81,310.03
309.42,310.64
310.02,311.25
310.62,311.86
311.23,312.46
311.83,313.07
312.43,313.68
313.04,314.28
313.64,314.89
314.24,315.5
314.85,316.1
315.45,316.71
316.06,317.32
316.66,317.92
317.26,318.53
317.87,319.14
318.47,319.74
319.07,320.35
319.68,320.96
320.28,321.57
320.89,322.17
321.49,322.78
322.09,323.39
322.7,323.99
323.3,324.6
323.9,325.21
324.51,325.81
325.11,326.42
325.71,327.03
326.32,327.63
326.92,328.24
327.53,328.85
328.13,329.45
328.73,330.06
329.34,330.67
329.94,331.27
330.54,331.88
331.15,332.49
331.75,333.09
332.35,333.7
332.96,334.31
333.56,334.91
334.16,335.52
334.77,336.13
335.37,336.74
335.98,337.34
336.58,337.95
337.18,338.56
337.79,339.16
338.39,339.77
338.99,340.38
339.6,340.98
340.2,341.59
340.8,342.2
341.41,342.8
342.01,343.41
342.61,344.02
343.22,344.62
343.82,345.23
344.42,345.84
345.03,346.44
345.63,347.05
346.24,347.66
346.84,348.26
347.44,348.87
348.05,349.48
348.65,350.08
349.25,350.69
349.86,351.3
350.46,351.9
351.06,352.51
351.67,353.12
352.27,353.72
352.87,354.33
353.48,354.94
354.08,355.54
354.68,356.15
355.29,356.76
355.89,357.36
356.49,357.97
357.1,358.58
357.7,359.18
358.3,359.79
358.91,360.4
359.51,361
360.11,361.61
360.72,362.22
361.32,362.82
361.92,363.43
362.53,364.04
363.13,364.64
363.73,365.25
364.34,365.85
364.94,366.46
365.55,367.07
366.15,367.67
366.75,368.28
367.36,368.89
367.96,369.49
368.56,370.1
369.17,370.71
369.77,371.31
370.37,371.92
370.98,372.53
371.58,373.13
372.18,373.74
372.79,374.35
373.39,374.95
373.99,375.56
374.6,376.17
375.2,376.77
375.8,377.38
376.41,377.99
377.01,378.59
377.61,379.2
378.21,379.81
378.82,380.41
379.42,381.02
380.02,381.62
380.63,382.23
381.23,382.84
381.83,383.44
382.44,384.05
383.04,384.66
383.64,385.26
384.25,385.87
384.85,386.48
385.45,387.08
386.06,387.69
386.66,388.3
387.26,388.9
387.87,389.51
388.47,390.11
389.07,390.72
389.68,391.33
390.28,391.93
390.88,392.54
391.49,393.15
392.09,393.75
392.69,394.36
393.3,394.97
393.9,395.57
394.5,396.18
395.11,396.78
395.71,397.39
396.31,398
396.92,398.6
397.52,399.21
398.12,399.82
398.72,400.42
399.33,401.03
399.93,401.64
400.53,402.24
401.14,402.85
401.74,403.45
402.34,404.06
402.95,404.67
403.55,405.27
404.15,405.88
404.76,406.49
405.36,407.09
405.96,407.7
406.57,408.31
407.17,408.91
407.77,409.52
408.37,410.12
408.98,410.73
409.58,411.34
410.18,411.94
410.79,412.55
411.39,413.16
411.99,413.76
412.6,414.37
413.2,414.97
413.8,415.58
414.41,416.19
415.01,416.79
415.61,417.4
416.21,418.01
416.82,418.61
417.42,419.22
418.02,419.82
418.63,420.43
419.23,421.04
419.83,421.64
420.44,422.25
421.04,422.86
421.64,423.46
422.24,424.07
422.85,424.67
423.45,425.28
424.05,425.89
424.66,426.49
425.26,427.1
425.86,427.7
426.47,428.31
427.07,428.92
427.67,429.52
428.27,430.13
428.88,430.74
429.48,431.34
430.08,431.95
430.69,432.55
431.29,433.16
431.89,433.77
432.5,434.37
433.1,434.98
433.7,435.58
434.3,436.19
434.91,436.8
435.51,437.4
436.11,438.01
436.72,438.62
437.32,439.22
437.92,439.83
438.52,440.43
439.13,441.04
439.73,441.65
440.33,442.25
440.94,442.86
441.54,443.46
442.14,444.07
442.74,444.68
443.35,445.28
443.95,445.89
444.55,446.49
445.16,447.1
445.76,447.71
446.36,448.31
446.96,448.92
447.57,449.52
448.17,450.13
448.77,450.74
449.38,451.34
449.98,451.95
450.58,452.55
451.18,453.16
451.79,453.77
452.39,454.37
452.99,454.98
453.6,455.58
454.2,456.19
454.8,456.8
455.4,457.4
456.01,458.01
456.61,458.61
457.21,459.22
457.82,459.83
458.42,460.43
459.02,461.04
459.62,461.64
460.23,462.25
460.83,462.86
461.43,463.46
462.03,464.07
462.64,464.67
463.24,465.28
463.84,465.89
464.45,466.49
465.05,467.1
465.65,467.7
466.25,468.31
466.86,468.92
467.46,469.52
468.06,470.13
468.66,470.73
469.27,471.34
469.87,471.95
470.47,472.55
471.08,473.16
471.68,473.76
472.28,474.37
472.88,474.97
473.49,475.58
474.09,476.19
474.69,476.79
475.29,477.4
475.9,478
476.5,478.61
477.1,479.22
477.71,479.82
478.31,480.43
478.91,481.03
479.51,481.64
480.12,482.25
480.72,482.85
481.32,483.46
481.92,484.06
482.53,484.67
483.13,485.27
483.73,485.88
484.33,486.49
484.94,487.09
485.54,487.7
486.14,488.3
486.74,488.91
487.35,489.51
487.95,490.12
488.55,490.73
489.15,491.33
489.76,491.94
490.36,492.54
490.96,493.15
491.57,493.76
492.17,494.36
492.77,494.97
493.37,495.57
493.98,496.18
494.58,496.78
495.18,497.39
495.78,498
496.39,498.6
496.99,499.21
497.59,499.81
498.19,500.42
498.8,501.02
499.4,501.63
500,502.24
500.6,502.84
501.21,503.45
501.81,504.05
502.41,504.66
503.01,505.26
503.62,505.87
504.22,506.48
504.82,507.08
505.42,507.69
506.03,508.29
506.63,508.9
507.23,509.5
507.83,510.11
508.44,510.71
509.04,511.32
509.64,511.93
510.24,512.53
510.85,513.14
511.45,513.74
512.05,514.35
512.65,514.95
513.26,515.56
513.86,516.17
514.46,516.77
515.06,517.38
515.66,517.98
516.27,518.59
516.87,519.19
517.47,519.8
518.07,520.4
518.68,521.01
519.28,521.62
519.88,522.22
520.48,522.83
521.09,523.43
521.69,524.04
522.29,524.64
522.89,525.25
523.5,525.85
524.1,526.46
524.7,527.07
525.3,527.67
525.91,528.28
526.51,528.88
527.11,529.49
527.71,530.09
528.31,530.7
528.92,531.3
529.52,531.91
530.12,532.52
530.72,533.12
531.33,533.73
531.93,534.33
532.53,534.94
533.13,535.54
533.74,536.15
534.34,536.75
534.94,537.36
535.54,537.97
536.14,538.57
536.75,539.18
537.35,539.78
537.95,540.39
538.55,540.99
539.16,541.6
539.76,542.2
540.36,542.81
540.96,543.41
541.57,544.02
542.17,544.63
542.77,545.23
543.37,545.84
543.97,546.44
544.58,547.05
545.18,547.65
545.78,548.26
546.38,548.86
546.99,549.47
547.59,550.07
548.19,550.68
548.79,551.28
549.39,551.89
550,552.5
550.6,553.1
551.2,553.71
551.8,554.31
552.4,554.92
553.01,555.52
553.61,556.13
554.21,556.73
554.81,557.34
555.42,557.94
556.02,558.55
556.62,559.15
557.22,559.76
557.82,560.36
558.43,560.97
559.03,561.58
559.63,562.18
560.23,562.79
560.84,563.39
561.44,564
562.04,564.6
562.64,565.21
563.24,565.81
563.85,566.42
564.45,567.02
565.05,567.63
565.65,568.23
566.25,568.84
566.86,569.44
567.46,570.05
568.06,570.66
568.66,571.26
569.26,571.87
569.87,572.47
570.47,573.08
571.07,573.68
571.67,574.29
572.27,574.89
572.88,575.5
573.48,576.1
574.08,576.71
574.68,577.31
575.28,577.92
575.89,578.52
576.49,579.13
577.09,579.73
577.69,580.34
578.3,580.94
578.9,581.55
579.5,582.15
580.1,582.76
580.7,583.36
581.31,583.97
581.91,584.58
582.51,585.18
583.11,585.79
583.71,586.39
584.32,587
584.92,587.6
585.52,588.21
586.12,588.81
586.72,589.42
587.32,590.02
587.93,590.63
588.53,591.23
589.13,591.84
589.73,592.44
590.33,593.05
590.94,593.65
591.54,594.26
592.14,594.86
592.74,595.47
593.34,596.07
593.95,596.68
594.55,597.28
595.15,597.89
595.75,598.49
596.35,599.1
596.96,599.7
597.56,600.31
598.16,600.91
598.76,601.52
599.36,602.12
599.97,602.73
600.57,603.33
601.17,603.94
601.77,604.54
602.37,605.15
602.97,605.75
603.58,606.36
604.18,606.96
604.78,607.57
605.38,608.17
605.98,608.78
606.59,609.38
607.19,609.99
607.79,610.59
608.39,611.2
608.99,611.8
609.59,612.41
610.2,613.01
610.8,613.62
611.4,614.22
612,614.83
612.6,615.43
613.21,616.04
613.81,616.64
614.41,617.25
615.01,617.85
615.61,618.46
616.21,619.06
616.82,619.67
617.42,620.27
618.02,620.88
618.62,621.48
619.22,622.09
619.83,622.69
620.43,623.3
621.03,623.9
621.63,624.51
622.23,625.11
622.83,625.72
623.44,626.32
624.04,626.93
624.64,627.53
625.24,628.14
625.84,628.74
626.44,629.35
627.05,629.95
627.65,630.56
628.25,631.16
628.85,631.77
629.45,632.37
630.05,632.98
630.66,633.58
631.26,634.19
631.86,634.79
632.46,635.4
633.06,636
633.66,636.61
634.27,637.21
634.87,637.82
635.47,638.42
636.07,639.03
636.67,639.63
637.27,640.24
637.88,640.84
638.48,641.44
639.08,642.05
639.68,642.65
640.28,643.26
640.88,643.86
641.49,644.47
642.09,645.07
642.69,645.68
643.29,646.28
643.89,646.89
644.49,647.49
645.1,648.1
645.7,648.7
646.3,649.31
646.9,649.91
647.5,650.52
648.1,651.12
648.7,651.73
649.31,652.33
649.91,652.94
650.51,653.54
651.11,654.15
651.71,654.75
652.31,655.35
652.92,655.96
653.52,656.56
654.12,657.17
654.72,657.77
655.32,658.38
655.92,658.98
656.52,659.59
657.13,660.19
657.73,660.8
658.33,661.4
658.93,662.01
659.53,662.61
660.13,663.22
660.74,663.82
661.34,664.43
661.94,665.03
662.54,665.63
663.14,666.24
663.74,666.84
664.34,667.45
664.95,668.05
665.55,668.66
666.15,669.26
666.75,669.87
667.35,670.47
667.95,671.08
668.55,671.68
669.16,672.29
669.76,672.89
670.36,673.49
670.96,674.1
671.56,674.7
672.16,675.31
672.76,675.91
673.37,676.52
673.97,677.12
674.57,677.73
675.17,678.33
675.77,678.94
676.37,679.54
676.97,680.15
677.58,680.75
678.18,681.35
678.78,681.96
679.38,682.56
679.98,683.17
680.58,683.77
681.18,684.38
681.79,684.98
682.39,685.59
682.99,686.19
683.59,686.8
684.19,687.4
684.79,688
685.39,688.61
685.99,689.21
686.6,689.82
687.2,690.42
687.8,691.03
688.4,691.63
689,692.24
689.6,692.84
690.2,693.45
690.81,694.05
691.41,694.65
692.01,695.26
692.61,695.86
693.21,696.47
693.81,697.07
694.41,697.68
695.01,698.28
695.62,698.89
696.22,699.49
696.82,700.09
697.42,700.7
698.02,701.3
698.62,701.91
699.22,702.51
699.82,703.12
700.43,703.72
701.03,704.33
701.63,704.93
702.23,705.53
702.83,706.14
703.43,706.74
704.03,707.35
704.63,707.95
705.24,708.56
705.84,709.16
706.44,709.76
707.04,710.37
707.64,710.97
708.24,711.58
708.84,712.18
709.44,712.79
710.04,713.39
710.65,714
711.25,714.6
711.85,715.2
712.45,715.81
713.05,716.41
713.65,717.02
714.25,717.62
714.85,718.23
715.46,718.83
716.06,719.43
716.66,720.04
717.26,720.64
717.86,721.25
718.46,721.85
719.06,722.46
719.66,723.06
720.26,723.66
720.87,724.27
721.47,724.87
722.07,725.48
722.67,726.08
723.27,726.69
723.87,727.29
724.47,727.89
725.07,728.5
725.67,729.1
726.28,729.71
726.88,730.31
727.48,730.92
728.08,731.52
728.68,732.12
729.28,732.73
729.88,733.33
730.48,733.94
731.08,734.54
731.68,735.15
732.29,735.75
732.89,736.35
733.49,736.96
734.09,737.56
734.69,738.17
735.29,738.77
735.89,739.37
736.49,739.98
737.09,740.58
737.69,741.19
738.3,741.79
738.9,742.4
739.5,743
740.1,743.6
740.7,744.21
741.3,744.81
741.9,745.42
742.5,746.02
743.1,746.62
743.7,747.23
744.31,747.83
744.91,748.44
745.51,749.04
746.11,749.65
746.71,750.25
747.31,750.85
747.91,751.46
748.51,752.06
749.11,752.67
749.71,753.27
750.32,753.87
750.92,754.48
751.52,755.08
752.12,755.69
752.72,756.29
753.32,756.89
753.92,757.5
754.52,758.1
755.12,758.71
755.72,759.31
756.32,759.92
756.93,760.52
757.53,761.12
758.13,761.73
758.73,762.33
759.33,762.94
759.93,763.54
760.53,764.14
761.13,764.75
761.73,765.35
762.33,765.96
762.93,766.56
763.53,767.16
764.14,767.77
764.74,768.37
765.34,768.98
765.94,769.58
766.54,770.18
767.14,770.79
767.74,771.39
768.34,772
768.94,772.6
769.54,773.2
770.14,773.81
770.74,774.41
771.35,775.02
771.95,775.62
772.55,776.22
773.15,776.83
773.75,777.43
774.35,778.04
774.95,778.64
775.55,779.24
776.15,779.85
776.75,780.45
777.35,781.06
777.95,781.66
778.55,782.26
779.16,782.87
779.76,783.47
780.36,784.07
780.96,784.68
781.56,785.28
782.16,785.89
782.76,786.49
783.36,787.09
783.96,787.7
784.56,788.3
785.16,788.91
785.76,789.51
786.36,790.11
786.96,790.72
787.56,791.32
788.17,791.93
788.77,792.53
789.37,793.13
789.97,793.74
790.57,794.34
791.17,794.94
791.77,795.55
792.37,796.15
792.97,796.76
793.57,797.36
794.17,797.96
794.77,798.57
795.37,799.17
795.97,799.78
796.57,800.38
797.18,800.98
797.78,801.59
798.38,802.19
798.98,802.79
799.58,803.4
800.18,804
800.78,804.61
801.38,805.21
801.98,805.81
802.58,806.42
803.18,807.02
803.78,807.62
804.38,808.23
804.98,808.83
805.58,809.44
806.18,810.04
806.79,810.64
807.39,811.25
807.99,811.85
808.59,812.45
809.19,813.06
809.79,813.66
810.39,814.27
810.99,814.87
811.59,815.47
812.19,816.08
812.79,816.68
813.39,817.28
813.99,817.89
814.59,818.49
815.19,819.1
815.79,819.7
816.39,820.3
816.99,820.91
817.59,821.51
818.2,822.11
818.8,822.72
819.4,823.32
820,823.92
820.6,824.53
821.2,825.13
821.8,825.74
822.4,826.34
823,826.94
823.6,827.55
824.2,828.15
824.8,828.75
825.4,829.36
826,829.96
826.6,830.56
827.2,831.17
827.8,831.77
828.4,832.38
829,832.98
829.6,833.58
830.2,834.19
830.8,834.79
831.4,835.39
832.01,836
832.61,836.6
833.21,837.2
833.81,837.81
834.41,838.41
835.01,839.01
835.61,839.62
836.21,840.22
836.81,840.83
837.41,841.43
838.01,842.03
838.61,842.64
839.21,843.24
839.81,843.84
840.41,844.45
841.01,845.05
841.61,845.65
842.21,846.26
842.81,846.86
843.41,847.46
844.01,848.07
844.61,848.67
845.21,849.27
845.81,849.88
846.41,850.48
847.01,851.09
847.61,851.69
848.21,852.29
848.82,852.9
849.42,853.5
850.02,854.1
850.62,854.71
851.22,855.31
851.82,855.91
852.42,856.52
853.02,857.12
853.62,857.72
854.22,858.33
854.82,858.93
855.42,859.53
856.02,860.14
856.62,860.74
857.22,861.34
857.82,861.95
858.42,862.55
859.02,863.15
859.62,863.76
860.22,864.36
860.82,864.96
861.42,865.57
862.02,866.17
862.62,866.77
863.22,867.38
863.82,867.98
864.42,868.58
865.02,869.19
865.62,869.79
866.22,870.4
866.82,871
867.42,871.6
868.02,872.21
868.62,872.81
869.22,873.41
869.82,874.02
870.42,874.62
871.02,875.22
871.62,875.83
872.22,876.43
872.82,877.03
873.42,877.64
874.02,878.24
874.62,878.84
875.22,879.45
875.82,880.05
876.42,880.65
877.02,881.25
877.63,881.86
878.23,882.46
878.83,883.06
879.43,883.67
880.03,884.27
880.63,884.87
881.23,885.48
881.83,886.08
882.43,886.68
883.03,887.29
883.63,887.89
884.23,888.49
884.83,889.1
885.43,889.7
886.03,890.3
886.63,890.91
887.23,891.51
887.83,892.11
888.43,892.72
889.03,893.32
889.63,893.92
890.23,894.53
890.83,895.13
891.43,895.73
892.03,896.34
892.63,896.94
893.23,897.54
893.83,898.15
894.43,898.75
895.03,899.35
895.63,899.96
896.23,900.56
896.83,901.16
897.43,901.76
898.03,902.37
898.63,902.97
899.23,903.57
899.83,904.18
900.43,904.78
901.03,905.38
901.63,905.99
902.23,906.59
902.83,907.19
903.43,907.8
904.03,908.4
904.63,909
905.23,909.61
905.83,910.21
906.43,910.81
907.03,911.41
907.63,912.02
908.23,912.62
908.83,913.22
909.43,913.83
910.03,914.43
910.63,915.03
911.23,915.64
911.83,916.24
912.43,916.84
913.03,917.45
913.63,918.05
914.22,918.65
914.82,919.25
915.42,919.86
916.02,920.46
916.62,921.06
917.22,921.67
917.82,922.27
918.42,922.87
919.02,923.48
919.62,924.08
920.22,924.68
920.82,925.29
921.42,925.89
922.02,926.49
922.62,927.09
923.22,927.7
923.82,928.3
924.42,928.9
925.02,929.51
925.62,930.11
926.22,930.71
926.82,931.32
927.42,931.92
928.02,932.52
928.62,933.12
929.22,933.73
929.82,934.33
930.42,934.93
931.02,935.54
931.62,936.14
932.22,936.74
932.82,937.34
933.42,937.95
934.02,938.55
934.62,939.15
935.22,939.76
935.82,940.36
936.42,940.96
937.02,941.57
937.62,942.17
938.22,942.77
938.82,943.37
939.42,943.98
940.02,944.58
940.62,945.18
941.22,945.79
941.82,946.39
942.42,946.99
943.01,947.59
943.61,948.2
944.21,948.8
944.81,949.4
945.41,950.01
946.01,950.61
946.61,951.21
947.21,951.81
947.81,952.42
948.41,953.02
949.01,953.62
949.61,954.23
950.21,954.83
950.81,955.43
951.41,956.03
952.01,956.64
952.61,957.24
953.21,957.84
953.81,958.45
954.41,959.05
955.01,959.65
955.61,960.25
956.21,960.86
956.81,961.46
957.41,962.06
958.01,962.66
958.61,963.27
959.21,963.87
959.81,964.47
960.4,965.08
961,965.68
961.6,966.28
962.2,966.88
962.8,967.49
963.4,968.09
964,968.69
964.6,969.3
965.2,969.9
965.8,970.5
966.4,971.1
967,971.71
967.6,972.31
968.2,972.91
968.8,973.51
969.4,974.12
970,974.72
970.6,975.32
971.2,975.93
971.8,976.53
972.4,977.13
973,977.73
973.59,978.34
974.19,978.94
974.79,979.54
975.39,980.14
975.99,980.75
976.59,981.35
977.19,981.95
977.79,982.55
978.39,983.16
978.99,983.76
979.59,984.36
980.19,984.97
980.79,985.57
981.39,986.17
981.99,986.77
982.59,987.38
983.19,987.98
983.79,988.58
984.39,989.18
984.98,989.79
985.58,990.39
986.18,990.99
986.78,991.59
987.38,992.2
987.98,992.8
988.58,993.4
989.18,994
989.78,994.61
990.38,995.21
990.98,995.81
991.58,996.41
992.18,997.02
992.78,997.62
993.38,998.22
993.98,998.82
994.58,999.43
995.17,1000
995.77,1000.6
996.37,1001.2
996.97,1001.8
997.57,1002.4
998.17,1003
998.77,1003.6
999.37,1004.2
999.97,1004.8
1000.6,1005.5
1001.2,1006.1
1001.8,1006.7
1002.4,1007.3
1003,1007.9
1003.6,1008.5
1004.2,1009.1
1004.8,1009.7
1005.4,1010.3
1006,1010.9
1006.6,1011.5
1007.2,1012.1
1007.8,1012.7
1008.4,1013.3
1009,1013.9
1009.6,1014.5
1010.2,1015.1
1010.8,1015.7
1011.4,1016.3
1012,1016.9
1012.6,1017.5
1013.2,1018.1
1013.8,1018.7
1014.4,1019.3
1015,1019.9
1015.6,1020.5
1016.2,1021.1
1016.7,1021.7
1017.3,1022.3
1017.9,1022.9
1018.5,1023.5
1019.1,1024.1
1019.7,1024.7
1020.3,1025.3
1020.9,1025.9
1021.5,1026.5
1022.1,1027.1
1022.7,1027.7
1023.3,1028.3
1023.9,1028.9
1024.5,1029.5
1025.1,1030.2
1025.7,1030.8
1026.3,1031.4
1026.9,1032
1027.5,1032.6
1028.1,1033.2
1028.7,1033.8
1029.3,1034.4
1029.9,1035
1030.5,1035.6
1031.1,1036.2
1031.7,1036.8
1032.3,1037.4
1032.9,1038
1033.5,1038.6
1034.1,1039.2
1034.7,1039.8
1035.3,1040.4
1035.9,1041
1036.5,1041.6
1037.1,1042.2
1037.7,1042.8
1038.3,1043.4
1038.9,1044
1039.5,1044.6
1040.1,1045.2
1040.7,1045.8
1041.3,1046.4
1041.9,1047
1042.5,1047.6
1043.1,1048.2
1043.7,1048.8
1044.3,1049.4
1044.9,1050
1045.5,1050.6
1046.1,1051.2
1046.7,1051.8
1047.3,1052.4
1047.9,1053
1048.5,1053.6
1049.1,1054.2
1049.7,1054.8
1050.3,1055.4
1050.9,1056
1051.5,1056.7
1052.1,1057.3
1052.7,1057.9
1053.3,1058.5
1053.9,1059.1
1054.5,1059.7
1055.1,1060.3
1055.7,1060.9
1056.3,1061.5
1056.9,1062.1
1057.5,1062.7
1058.1,1063.3
1058.7,1063.9
1059.3,1064.5
1059.9,1065.1
1060.5,1065.7
1061.1,1066.3
1061.7,1066.9
1062.3,1067.5
1062.9,1068.1
1063.5,1068.7
1064.1,1069.3
1064.7,1069.9
1065.3,1070.5
1065.9,1071.1
1066.5,1071.7
1067.1,1072.3
1067.7,1072.9
1068.3,1073.5
1068.9,1074.1
1069.5,1074.7
1070.1,1075.3
1070.7,1075.9
1071.3,1076.5
1071.9,1077.1
1072.5,1077.7
1073.1,1078.3
1073.7,1078.9
1074.3,1079.5
1074.9,1080.1
1075.5,1080.7
1076.1,1081.3
1076.7,1081.9
1077.3,1082.5
1077.9,1083.1
1078.5,1083.7
1079,1084.3
1079.6,1085
1080.2,1085.6
1080.8,1086.2
1081.4,1086.8
1082,1087.4
1082.6,1088
1083.2,1088.6
1083.8,1089.2
1084.4,1089.8
1085,1090.4
1085.6,1091
1086.2,1091.6
1086.8,1092.2
1087.4,1092.8
1088,1093.4
1088.6,1094
1089.2,1094.6
1089.8,1095.2
1090.4,1095.8
1091,1096.4
1091.6,1097
1092.2,1097.6
1092.8,1098.2
1093.4,1098.8
1094,1099.4
1094.6,1100
1095.2,1100.6
1095.8,1101.2
1096.4,1101.8
1097,1102.4
1097.6,1103
1098.2,1103.6
1098.8,1104.2
1099.4,1104.8
1100,1105.4
1100.6,1106
1101.2,1106.6
1101.8,1107.2
1102.4,1107.8
1103,1108.4
1103.6,1109
1104.2,1109.6
1104.8,1110.2
1105.4,1110.8
1106,1111.4
1106.6,1112
1107.2,1112.6
1107.8,1113.2
1108.4,1113.8
1109,1114.4
1109.6,1115
1110.2,1115.6
1110.8,1116.2
1111.4,1116.9
1112,1117.5
1112.6,1118.1
1113.2,1118.7
1113.8,1119.3
1114.4,1119.9
1115,1120.5
1115.6,1121.1
1116.2,1121.7
1116.8,1122.3
1117.4,1122.9
1118,1123.5
1118.6,1124.1
1119.2,1124.7
1119.8,1125.3
1120.4,1125.9
1121,1126.5
1121.6,1127.1
1122.2,1127.7
1122.8,1128.3
1123.4,1128.9
1124,1129.5
1124.5,1130.1
1125.1,1130.7
1125.7,1131.3
1126.3,1131.9
1126.9,1132.5
1127.5,1133.1
1128.1,1133.7
1128.7,1134.3
1129.3,1134.9
1129.9,1135.5
1130.5,1136.1
1131.1,1136.7
1131.7,1137.3
1132.3,1137.9
1132.9,1138.5
1133.5,1139.1
1134.1,1139.7
1134.7,1140.3
1135.3,1140.9
1135.9,1141.5
1136.5,1142.1
1137.1,1142.7
1137.7,1143.3
1138.3,1143.9
1138.9,1144.5
1139.5,1145.1
1140.1,1145.7
1140.7,1146.3
1141.3,1146.9
1141.9,1147.5
1142.5,1148.1
1143.1,1148.7
1143.7,1149.3
1144.3,1149.9
1144.9,1150.5
1145.5,1151.1
1146.1,1151.7
1146.7,1152.4
1147.3,1153
1147.9,1153.6
1148.5,1154.2
1149.1,1154.8
1149.7,1155.4
1150.3,1156
1150.9,1156.6
1151.5,1157.2
1152.1,1157.8
1152.7,1158.4
1153.3,1159
1153.9,1159.6
1154.5,1160.2
1155.1,1160.8
1155.7,1161.4
1156.3,1162
1156.9,1162.6
1157.5,1163.2
1158.1,1163.8
1158.7,1164.4
1159.3,1165
1159.9,1165.6
1160.5,1166.2
1161.1,1166.8
1161.7,1167.4
1162.3,1168
1162.8,1168.6
1163.4,1169.2
1164,1169.8
1164.6,1170.4
1165.2,1171
1165.8,1171.6
1166.4,1172.2
1167,1172.8
1167.6,1173.4
1168.2,1174
1168.8,1174.6
1169.4,1175.2
1170,1175.8
1170.6,1176.4
1171.2,1177
1171.8,1177.6
1172.4,1178.2
1173,1178.8
1173.6,1179.4
1174.2,1180
1174.8,1180.6
1175.4,1181.2
1176,1181.8
1176.6,1182.4
1177.2,1183
1177.8,1183.6
1178.4,1184.2
1179,1184.8
1179.6,1185.4
1180.2,1186
1180.8,1186.6
1181.4,1187.2
1182,1187.8
1182.6,1188.4
1183.2,1189
1183.8,1189.6
1184.4,1190.2
1185,1190.8
1185.6,1191.4
1186.2,1192
1186.8,1192.6
1187.4,1193.2
1188,1193.9
1188.6,1194.5
1189.2,1195.1
1189.8,1195.7
1190.4,1196.3
1191,1196.9
1191.6,1197.5
1192.2,1198.1
1192.8,1198.7
1193.4,1199.3
1194,1199.9
1194.6,1200.5
1195.2,1201.1
1195.8,1201.7
1196.3,1202.3
1196.9,1202.9
1197.5,1203.5
1198.1,1204.1
1198.7,1204.7
1199.3,1205.3
1199.9,1205.9
1200.5,1206.5
1201.1,1207.1
1201.7,1207.7
1202.3,1208.3
1202.9,1208.9
1203.5,1209.5
1204.1,1210.1
1204.7,1210.7
1205.3,1211.3
1205.9,1211.9
1206.5,1212.5
1207.1,1213.1
1207.7,1213.7
1208.3,1214.3
1208.9,1214.9
1209.5,1215.5
1210.1,1216.1
1210.7,1216.7
1211.3,1217.3
1211.9,1217.9
1212.5,1218.5
1213.1,1219.1
1213.7,1219.7
1214.3,1220.3
1214.9,1220.9
1215.5,1221.5
1216.1,1222.1
1216.7,1222.7
1217.3,1223.3
1217.9,1223.9
1218.5,1224.5
1219.1,1225.1
1219.7,1225.7
1220.3,1226.3
1220.9,1226.9
1221.5,1227.5
1222.1,1228.1
1222.7,1228.7
1223.3,1229.3
1223.9,1229.9
1224.5,1230.5
1225.1,1231.1
1225.7,1231.7
1226.2,1232.3
1226.8,1232.9
1227.4,1233.5
1228,1234.1
1228.6,1234.7
1229.2,1235.3
1229.8,1235.9
1230.4,1236.5
1231,1237.1
1231.6,1237.7
1232.2,1238.3
1232.8,1238.9
1233.4,1239.5
1234,1240.1
1234.6,1240.7
1235.2,1241.3
1235.8,1241.9
1236.4,1242.5
1237,1243.1
1237.6,1243.7
1238.2,1244.3
1238.8,1244.9
1239.4,1245.5
1240,1246.2
1240.6,1246.8
1241.2,1247.4
1241.8,1248
1242.4,1248.6
1243,1249.2
1243.6,1249.8
1244.2,1250.4
1244.8,1251
1245.4,1251.6
1246,1252.2
1246.6,1252.8
1247.2,1253.4
1247.8,1254
1248.4,1254.6
1249,1255.2
1249.6,1255.8
1250.2,1256.4
1250.8,1257
1251.4,1257.6
1252,1258.2
1252.6,1258.8
1253.2,1259.4
1253.7,1260
1254.3,1260.6
1254.9,1261.2
1255.5,1261.8
1256.1,1262.4
1256.7,1263
1257.3,1263.6
1257.9,1264.2
1258.5,1264.8
1259.1,1265.4
1259.7,1266
1260.3,1266.6
1260.9,1267.2
1261.5,1267.8
1262.1,1268.4
1262.7,1269
1263.3,1269.6
1263.9,1270.2
1264.5,1270.8
1265.1,1271.4
1265.7,1272
1266.3,1272.6
1266.9,1273.2
1267.5,1273.8
1268.1,1274.4
1268.7,1275
1269.3,1275.6
1269.9,1276.2
1270.5,1276.8
1271.1,1277.4
1271.7,1278
1272.3,1278.6
1272.9,1279.2
1273.5,1279.8
1274.1,1280.4
1274.7,1281
1275.3,1281.6
1275.9,1282.2
1276.5,1282.8
1277.1,1283.4
1277.7,1284
1278.3,1284.6
1278.8,1285.2
1279.4,1285.8
1280,1286.4
1280.6,1287
1281.2,1287.6
1281.8,1288.2
1282.4,1288.8
1283,1289.4
1283.6,1290
1284.2,1290.6
1284.8,1291.2
1285.4,1291.8
1286,1292.4
1286.6,1293
1287.2,1293.6
1287.8,1294.2
1288.4,1294.8
1289,1295.4
1289.6,1296
1290.2,1296.6
1290.8,1297.2
1291.4,1297.8
1292,1298.4
1292.6,1299
1293.2,1299.6
1293.8,1300.2
1294.4,1300.8
1295,1301.4
1295.6,1302
1296.2,1302.6
1296.8,1303.2
1297.4,1303.8
1298,1304.4
1298.6,1305
1299.2,1305.6
1299.8,1306.2
1300.4,1306.8
1301,1307.4
1301.6,1308
1302.2,1308.6
1302.7,1309.2
1303.3,1309.8
1303.9,1310.4
1304.5,1311
1305.1,1311.6
1305.7,1312.2
1306.3,1312.8
1306.9,1313.4
1307.5,1314
1308.1,1314.6
1308.7,1315.2
1309.3,1315.8
1309.9,1316.4
1310.5,1317
1311.1,1317.6
1311.7,1318.2
1312.3,1318.8
1312.9,1319.4
1313.5,1320
1314.1,1320.6
1314.7,1321.2
1315.3,1321.8
1315.9,1322.4
1316.5,1323
1317.1,1323.6
1317.7,1324.2
1318.3,1324.8
1318.9,1325.4
1319.5,1326
1320.1,1326.6
1320.7,1327.2
1321.3,1327.8
1321.9,1328.4
1322.5,1329
1323.1,1329.6
1323.7,1330.3
1324.3,1330.9
1324.9,1331.5
1325.4,1332.1
1326,1332.7
1326.6,1333.3
1327.2,1333.9
1327.8,1334.5
1328.4,1335.1
1329,1335.7
1329.6,1336.3
1330.2,1336.9
1330.8,1337.5
1331.4,1338.1
1332,1338.7
1332.6,1339.3
1333.2,1339.9
1333.8,1340.5
1334.4,1341.1
1335,1341.7
1335.6,1342.3
1336.2,1342.9
1336.8,1343.5
1337.4,1344.1
1338,1344.7
1338.6,1345.3
1339.2,1345.9
1339.8,1346.5
1340.4,1347.1
1341,1347.7
1341.6,1348.3
1342.2,1348.9
1342.8,1349.5
1343.4,1350.1
1344,1350.7
1344.6,1351.3
1345.2,1351.9
1345.8,1352.5
1346.4,1353.1
1346.9,1353.7
1347.5,1354.3
1348.1,1354.9
1348.7,1355.5
1349.3,1356.1
1349.9,1356.7
1350.5,1357.3
1351.1,1357.9
1351.7,1358.5
1352.3,1359.1
1352.9,1359.7
1353.5,1360.3
1354.1,1360.9
1354.7,1361.5
1355.3,1362.1
1355.9,1362.7
1356.5,1363.3
1357.1,1363.9
1357.7,1364.5
1358.3,1365.1
1358.9,1365.7
1359.5,1366.3
1360.1,1366.9
1360.7,1367.5
1361.3,1368.1
1361.9,1368.7
1362.5,1369.3
1363.1,1369.9
1363.7,1370.5
1364.3,1371.1
1364.9,1371.7
1365.5,1372.3
1366.1,1372.9
1366.7,1373.5
1367.2,1374.1
1367.8,1374.7
1368.4,1375.3
1369,1375.9
1369.6,1376.5
1370.2,1377.1
1370.8,1377.7
1371.4,1378.3
1372,1378.9
1372.6,1379.5
1373.2,1380.1
1373.8,1380.7
1374.4,1381.3
1375,1381.9
1375.6,1382.5
1376.2,1383.1
1376.8,1383.7
1377.4,1384.3
1378,1384.9
1378.6,1385.5
1379.2,1386.1
1379.8,1386.7
1380.4,1387.3
1381,1387.9
1381.6,1388.5
1382.2,1389.1
1382.8,1389.7
1383.4,1390.3
1384,1390.9
1384.6,1391.5
1385.2,1392.1
1385.8,1392.7
1386.4,1393.3
1386.9,1393.9
1387.5,1394.5
1388.1,1395.1
1388.7,1395.7
1389.3,1396.3
1389.9,1396.9
1390.5,1397.5
1391.1,1398.1
1391.7,1398.7
1392.3,1399.3
1392.9,1399.9
1393.5,1400.5
1394.1,1401.1
1394.7,1401.7
1395.3,1402.3
1395.9,1402.9
1396.5,1403.5
1397.1,1404.1
1397.7,1404.7
1398.3,1405.3
1398.9,1405.9
1399.5,1406.5
1400.1,1407.1
1400.7,1407.7
1401.3,1408.3
1401.9,1408.9
1402.5,1409.5
1403.1,1410.1
1403.7,1410.7
1404.3,1411.3
1404.9,1411.9
1405.4,1412.5
1406,1413.1
1406.6,1413.7
1407.2,1414.3
1407.8,1414.9
1408.4,1415.5
1409,1416.1
1409.6,1416.7
1410.2,1417.3
1410.8,1417.9
1411.4,1418.5
1412,1419.1
1412.6,1419.7
1413.2,1420.3
1413.8,1420.9
1414.4,1421.5
1415,1422.1
1415.6,1422.7
1416.2,1423.3
1416.8,1423.9
1417.4,1424.5
1418,1425.1
1418.6,1425.7
1419.2,1426.3
1419.8,1426.9
1420.4,1427.5
1421,1428.1
1421.6,1428.7
1422.2,1429.3
1422.8,1429.9
1423.4,1430.5
1423.9,1431.1
1424.5,1431.7
1425.1,1432.3
1425.7,1432.9
1426.3,1433.5
1426.9,1434.1
1427.5,1434.7
1428.1,1435.3
1428.7,1435.9
1429.3,1436.5
1429.9,1437.1
1430.5,1437.7
1431.1,1438.3
1431.7,1438.9
1432.3,1439.5
1432.9,1440.1
1433.5,1440.7
1434.1,1441.3
1434.7,1441.9
1435.3,1442.5
1435.9,1443.1
1436.5,1443.7
1437.1,1444.3
1437.7,1444.9
1438.3,1445.5
1438.9,1446.1
1439.5,1446.7
1440.1,1447.3
1440.7,1447.9
1441.2,1448.5
1441.8,1449.1
1442.4,1449.7
1443,1450.3
1443.6,1450.9
1444.2,1451.5
1444.8,1452.1
1445.4,1452.7
1446,1453.3
1446.6,1453.9
1447.2,1454.5
1447.8,1455.1
1448.4,1455.7
1449,1456.3
1449.6,1456.9
1450.2,1457.5
1450.8,1458.1
1451.4,1458.7
1452,1459.3
1452.6,1459.9
1453.2,1460.5
1453.8,1461.1
1454.4,1461.7
1455,1462.3
1455.6,1462.9
1456.2,1463.5
1456.8,1464.1
1457.4,1464.7
1458,1465.3
1458.5,1465.9
1459.1,1466.5
1459.7,1467.1
1460.3,1467.7
1460.9,1468.3
1461.5,1468.9
1462.1,1469.5
1462.7,1470.1
1463.3,1470.7
1463.9,1471.3
1464.5,1471.9
1465.1,1472.5
1465.7,1473
1466.3,1473.6
1466.9,1474.2
1467.5,1474.8
1468.1,1475.4
1468.7,1476
1469.3,1476.6
1469.9,1477.2
1470.5,1477.8
1471.1,1478.4
1471.7,1479
1472.3,1479.6
1472.9,1480.2
1473.5,1480.8
1474.1,1481.4
1474.6,1482
1475.2,1482.6
1475.8,1483.2
1476.4,1483.8
1477,1484.4
1477.6,1485
1478.2,1485.6
1478.8,1486.2
1479.4,1486.8
1480,1487.4
1480.6,1488
1481.2,1488.6
1481.8,1489.2
1482.4,1489.8
1483,1490.4
1483.6,1491
1484.2,1491.6
1484.8,1492.2
1485.4,1492.8
1486,1493.4
1486.6,1494
1487.2,1494.6
1487.8,1495.2
1488.4,1495.8
1489,1496.4
1489.6,1497
1490.2,1497.6
1490.7,1498.2
1491.3,1498.8
1491.9,1499.4
1492.5,1500
1493.1,1500.6
1493.7,1501.2
1494.3,1501.8
1494.9,1502.4
1495.5,1503
1496.1,1503.6
1496.7,1504.2
1497.3,1504.8
1497.9,1505.4
1498.5,1506
1499.1,1506.6
1499.7,1507.2
1500.3,1507.8
1500.9,1508.4
1501.5,1509
1502.1,1509.6
1502.7,1510.2
1503.3,1510.8
1503.9,1511.4
1504.5,1512
1505.1,1512.6
1505.7,1513.2
1506.2,1513.8
1506.8,1514.4
1507.4,1515
1508,1515.6
1508.6,1516.2
1509.2,1516.8
1509.8,1517.4
1510.4,1518
1511,1518.6
1511.6,1519.2
1512.2,1519.8
1512.8,1520.4
1513.4,1521
1514,1521.6
1514.6,1522.2
1515.2,1522.8
1515.8,1523.4
1516.4,1524
1517,1524.6
1517.6,1525.2
1518.2,1525.8
1518.8,1526.4
1519.4,1527
1520,1527.6
1520.6,1528.2
